기업명,언론사,제목,날짜,URL
삼성전자,연합뉴스,증시 상승 출발…코스피 1%·코스닥 4%대 상승세(종합),2026-08-10,https://news.google.com/rss/articles/CBMiYEFVX3lxTE14cFJidU9zYmpWMVJiaWIzcXJKbU5QTy1zV19vYVBOaS02ZUxaMjYyUUVpSnM5eXptYUVXVFBHMVFQWFFxV1ZSRjhVajBpMjUtd2gyckFNZkxXWTd6cXBWN9IBYEFVX3lxTE14cFJidU9zYmpWMVJiaWIzcXJKbU5QTy1zV19vYVBOaS02ZUxaMjYyUUVpSnM5eXptYUVXVFBHMVFQWFFxV1ZSRjhVajBpMjUtd2gyckFNZkxXWTd6cXBWNw?oc=5
삼성전자,연합뉴스,"카카오페이증권, 삼전·닉스 소수점거래 서비스 개시",2026-08-10,https://news.google.com/rss/articles/CBMiW0FVX3lxTE5EZnpMZHdOd1NEd2tuQ2dQQVFyNnZleV9zVzFUZlk5R203MDRSdkhFNzk0dmhTeHVLWFJ4dUYzTnZsWGJRWFNaY05ucjZRbEV2WG5UX1RINm1ySHfSAWBBVV95cUxQSi02QWpfRElyWFVfZWxLTE5PWWZYVHJUeURwRlppeHhWYUczZDB1cERFNWlrUVVQVEt2d0ZFZVdBYTZMMXpXSzNIc2NfeFdoV2ZjMDlMQ3RzNl9rZFNaRGQ?oc=5
삼성전자,연합뉴스,"[특징주] 삼성전자· SK하이닉스, 장 초반 강세",2026-08-10,https://news.google.com/rss/articles/CBMiW0FVX3lxTE5pd0hjSDVvWHBueXpvcUwwQldCT0NNUm15RG04WjBYWWphZUloekVnY2xVc0tKQllzZHBzWmpBcWh4cjRmRS12anpjcTFkT1pQZDNhYmd6Yjk5MG_SAWBBVV95cUxOdzJBa3k4bVljU0xMYkdTVF9YeFVHQWNveFExM2JmenlZX3MtVmhrd1cwam5uZC1HeWlTelE4TGdmVjhuWjlQckg3MjBWMllERVg4bkZZekRtbXlJWDMtWjM?oc=5
삼성전자,연합뉴스,"[테크스냅] 삼성전자, 코레일과 '종이 없는 승차권' 서비스 시작",2026-08-10,https://news.google.com/rss/articles/CBMiW0FVX3lxTE41NGs3SC12OHYtYVFoNS1GNnQtcEZpVTkzVC1idGdMZ1EzUHdLUHVBSkI4alQ1R1dZRnlSTnhjcTREejdCSDh4a0N2Y3pPOGxZbEhvc2dlTnVxdFXSAWBBVV95cUxOV1Z1Y0pKQmNpTFl1a1JZcTBPdzZ5WGtlT19uc1lOSFQ0c2o5UXVHdUNLVDlCaDl4LVd0eWE2TmpvMlJxelJfV3VqeXp4WkhTdnhMVXAycm9feU1qMlBHN3M?oc=5
삼성전자,연합뉴스,"삼성전자·NTT 도코모, AI 무선망 통신 품질 최적화 기술 검증",2026-08-10,https://news.google.com/rss/articles/CBMiW0FVX3lxTFA5cnR5aDlsdjJ0S0w3T1JpaTRCYkNqMDlLdHliNTA0cmhyd0MxY3FhSGNtWGEzcUJYRmJXTVB0U0dneExCWnhPV2FzS1VFbldrNzY5Y20yTE05UHfSAWBBVV95cUxON0VkUzZaMlNCRDVhVFQ0TWRWM3N1ekhSWWRFRHdfVzVKREpTc0QtWUd2d1JicmhJbUJIOWkxc210eEpLUU9xQmh0YWdJRDR4OFpEUHJCYXlxcDVkYW9OdzM?oc=5
삼성전자,연합뉴스,[표] 코스피 지수선물·옵션 시세표(10일)-2,2026-08-10,https://news.google.com/rss/articles/CBMiW0FVX3lxTE12RGN0cE5TSElBQWlSUDcxOVRtSDVxS2d1Q3E4LWVWQ0xhT3p4QzA2VEFGdUhONHVILVVmTWc2cHZNbHoycVZjOWl6VFZHSjdoZ1pENzZIRUlsRFU?oc=5
삼성전자,연합뉴스,"추미애 ""삼성·하이닉스 폐수 방류랑 감소 노력 안 해""",2026-08-10,https://news.google.com/rss/articles/CBMiW0FVX3lxTE1nd2VhbjhmYkFDbFVGQnViUmFEZGlISW9JTzRGRjgxRGVwbl84UjZ5SW5tczRFS3FKSFUzNHMwS2wxVkJGQ1l2TXVzNWg5NEMtN2ZnZTlTZnJOaEnSAWBBVV95cUxQMVV2ZnMwVklsN1ctVmkwNzlWeEFVZmNfdW5qS2xXVVNWbGZ6eGhPM0hpS0ZteW5YMGpSWFR4SzlvQ0NaLVhrVnluR25WSmFBR3pXb0lKTks0Ty1ndGplWW8?oc=5
삼성전자,연합뉴스,갤럭시 Z8 사전판매 30%↑…폴드8이 글로벌 흥행 이끌었다,2026-08-10,https://news.google.com/rss/articles/CBMiYEFVX3lxTE1Xd20yVGFPWWNhc1J4Vy16ak96NDJTb1ZqVDdEVzBScDhReHF0bjE1UFNaV0tMLVQ3UDFxTENBblgtZGQ2YUpibXJqakdXNWxKVVMyYjFpMnpKOXV5bTZHetIBYEFVX3lxTE1Xd20yVGFPWWNhc1J4Vy16ak96NDJTb1ZqVDdEVzBScDhReHF0bjE1UFNaV0tMLVQ3UDFxTENBblgtZGQ2YUpibXJqakdXNWxKVVMyYjFpMnpKOXV5bTZHeg?oc=5
삼성전자,연합뉴스,[표] 거래소 외국인 순매수도 상위종목(10일),2026-08-10,https://news.google.com/rss/articles/CBMiW0FVX3lxTE1BMmN3cUNYejZ3dkxHdkFVbDNobHl0Z0IxMUVjRHhGeXlrRW9HbG16d0IySGZtNlNIbEZEZzVIOWJ2cU83NGFkOW1Xcl9JcjJuaXFNWWZac1VpMjA?oc=5
삼성전자,연합뉴스,"파워오토로보틱스·아라, 한국기술교육대에 1천500만원 기부",2026-08-10,https://news.google.com/rss/articles/CBMiW0FVX3lxTE1UWXZkNlJNZG1ZZ1VtaHQzZFNPczJLTjRMWlNvVEVpM1FKU0E1VGF6aFp1Z1Ewd1NPZEsyVmxRQzlWR3ZWSS1HYlFCMXN5aVFnNlY0VUwxUmxkVDTSAWBBVV95cUxNd3hMQ3pKdmU1VHRtUF9laVNhTlVremp4X29MaFNScEFrSkxkM3ZkbFI2RTh3TVFMeC1oYllQcXpXWEtQTTF5Q1V3S0RPNXV1VXVsSDl0Y3ZGWEJzcy1IRVk?oc=5
삼성전자,연합뉴스,[표] 거래소 기관 순매수도 상위종목(10일),2026-08-10,https://news.google.com/rss/articles/CBMiW0FVX3lxTFBxbWJIa1hWWV80ZnpObHJsMzMybWFUbmdudUdIZ3prc2ZTd0IydVhiUlNvM1JDQ3JHdTlVOV82UmdMdW5ScUdrWjQ5UV9HZ2xPLUdYRTVsUWFTR1E?oc=5
삼성전자,연합뉴스,"이번에도 중국발 악재?…'전강후약' 삼전닉스, 하락 마감(종합)",2026-08-10,https://news.google.com/rss/articles/CBMiW0FVX3lxTE9saVIyVzVPTXFDTXJiTV9nQXV5eXF3WEV5c2NtMkdKUUNVM1hKcmNNTkM0enI0Q0dCRzdUZjA4LXFkeVhvd2l3YkZMcWw1aGRHQU9HdVhkTy1zNEHSAWBBVV95cUxQbUZyQkVMOG5FSjN2QlJLTkRJSy01MTBFa2VmU0lNS3lRLTNqV1NTcERqMUhYRU1kLUx6emhia05rRUJEaGdqU2EtaG1JVWNFaVJZQ0NSODBKcmhUN0JOaFk?oc=5
삼성전자,연합뉴스,"소니·TSMC, 日구마모토 이미지 센서 공정에 9조원 합작 투자",2026-08-10,https://news.google.com/rss/articles/CBMiYEFVX3lxTFBOaW5TVG1kSllYY3czdHQyRS1TOWpld2pndmp4RDB1YjJlT1E3TERRRkZGVUpvV2c4elJIZS12ZmRNSm1EaThpM2xaRWJoTXl3dGJLTzZqZEtGeVRmME5hM9IBYEFVX3lxTFBOaW5TVG1kSllYY3czdHQyRS1TOWpld2pndmp4RDB1YjJlT1E3TERRRkZGVUpvV2c4elJIZS12ZmRNSm1EaThpM2xaRWJoTXl3dGJLTzZqZEtGeVRmME5hMw?oc=5
삼성전자,연합뉴스,"블룸버그 ""레버리지 청산에 한국증시 변동성 일단락 가능성""",2026-08-09,https://news.google.com/rss/articles/CBMiYEFVX3lxTE13V2kzWHN5ODgtbEdZUnZOZHYxMUxpenZqbFl3cmV2SE1GcFFqYm5faVBNeTVIM0t3ZXhYUThMdEZRS3J4ekpTbnk4eDI2S043WEJfOVRFLU56M0VaTFpnS9IBYEFVX3lxTE13V2kzWHN5ODgtbEdZUnZOZHYxMUxpenZqbFl3cmV2SE1GcFFqYm5faVBNeTVIM0t3ZXhYUThMdEZRS3J4ekpTbnk4eDI2S043WEJfOVRFLU56M0VaTFpnSw?oc=5
삼성전자,연합뉴스,"모건스탠리 ""메모리주 가파른 조정 끝났다…재진입 매력적""",2026-08-09,https://news.google.com/rss/articles/CBMiW0FVX3lxTE9NaExESWMtVjdoal9HV01FMUxDYjVEOEw1ZUttVEh3dldfaHlZUjIwVzR5NDRRa1RkZXRzbHpmUmFiOF84LVgzczRNbFpaWG5zbUZfMGEzaFNhTFXSAWBBVV95cUxQNHM4SkZ1UjJMdlM0RU9nWFN4QS1jYlVRTkJpTk5fOWZ2UnhPM0VLcjl6TFJiNFcxaEZfNll5eEpvS1JRdXNFMDI3bEE0dGZrdkdpTFV4X19nZVI3b2MwMU8?oc=5
삼성전자,연합뉴스,"KB증권 ""삼성전자, 주주환원 최대 200조원 가능…적극 비중확대""",2026-08-09,https://news.google.com/rss/articles/CBMiW0FVX3lxTFAtUmxzblRFVnFqRlpNRzZDTlFJNlRRRFMwalpzRjY0V1ozWVJONmdycDZNOUdid0R5UHVCbUZINHFUVi1ka05WYVZGa1pRRkRyUGpBVmY3ajVmeUnSAWBBVV95cUxPU2x5eTB5cXJkQ3FFcG1TYkhIaS04amIxdEpCMVF4VFliS2ZxeVBBbFc0WE1YTFJ5R2xWTEJrN3d5QmR2UGY5WTliSjljOWM1WFZCSzJHTHNEQS1mV2k5NXI?oc=5
삼성전자,연합뉴스,"삼성전자, 미국 에너지부 국립연구소와 차세대 난방기술 개발협력",2026-08-09,https://news.google.com/rss/articles/CBMiW0FVX3lxTE5EWlgwQTV0cUFPM09OdFVhc05kVjZLY21JTXdlX0QyT2l2Znp6azhBYnR5WVZub1RWWlhnTGNyNDlsZ0U4YmdfZExCbHo0TGpxZWkxaGczZGNGZEXSAWBBVV95cUxQLUN1elBFdVYxN0VmRmd0MGU4eHkyVklvSmk1S0l3aE9MRjc4WmxBT3cyem1GTlpZOFpTQVdxQXpIUGttM0lDVnJic0IwYjdkZUVjNm9rTHI3cmZxeXcxSWQ?oc=5
삼성전자,연합뉴스,[테크톡노트] 폴드는 어떻게 '아재폰'에서 'MZ폰'이 됐나,2026-08-08,https://news.google.com/rss/articles/CBMiW0FVX3lxTFBYMUhiQUFrcDZNVFBCcTdYZlh4UG9oeGlOdkRiWTNJUkI0dmRmazhoNlpQNDFpQmhfajZtSC1tc3o1SWVfOUVaRElNQlQ2RWFOSzd2UER6U3pFeGPSAWBBVV95cUxNZUpFVFY4Ql9IeWtURGp4NE82dHR0aGxQWklHWm1NLW9VajYwdzNSdmpXaUV4Q1EzNkRuMXlSTk1RbDlXck5Fb203Q3Z6U1BlbXYwbldSWTNvdVBzbXVOUno?oc=5
삼성전자,연합뉴스,MZ 홀린 삼성 폴더블폰…하반기 구글·애플과 경쟁,2026-08-08,https://news.google.com/rss/articles/CBMiW0FVX3lxTE9Fc01Ja25Vczc5dVRQdUZJaEFqZWMtenFMalF0dnVFUXdDSmVhekhRcVNQYkJyRklzcWx0ZXdLOTh1Q3F4TVdNM1ZSQzlEcG1rMzZTWDlOb2pTLWvSAWBBVV95cUxPcEFXcjRONnlQQThfdVQxNHk1X2NjWkFsSHBXdEZJNDJlOGE0TV9La1o1aUlQR2o4N0NjWDFnR0RyWXBqUW5PbHh5bHZzVmhyM2prMlRpV2VMMjVFV05EVUg?oc=5
삼성전자,연합뉴스,"[마켓인사이트] 韓증시, 역대급 변동성은 다소 완화…반등계기 찾나",2026-08-08,https://news.google.com/rss/articles/CBMiYEFVX3lxTE5RbW96X3FuWTc1YnRtbElQY0g3T3ZjUVNxdHNoZ1AteHV3Ukg3UGtpaXdxeFVJdUh3Ni01eWhLWkdmLU9fZGhhWVhrV3BDOU0wS3RFTi1jYXhwOWs0SC0yNNIBYEFVX3lxTE5RbW96X3FuWTc1YnRtbElQY0g3T3ZjUVNxdHNoZ1AteHV3Ukg3UGtpaXdxeFVJdUh3Ni01eWhLWkdmLU9fZGhhWVhrV3BDOU0wS3RFTi1jYXhwOWs0SC0yNA?oc=5
삼성전자,연합뉴스,상승 모멘텀 못찾는 코스피…이달 거래대금·거래량 올해 최저,2026-08-08,https://news.google.com/rss/articles/CBMiYEFVX3lxTE5GUVBuc0pBZ0x1WHN5Yk90WkZwX21QXzRzM09vcE9SYmdkZFJGSW1tSDRUTjZkRmpMSlF0VjdvRnpNaDZjcjlVb2VuYTJ5d1l1QWRrMFh3MTVuS3ZhSVdudNIBYEFVX3lxTE5GUVBuc0pBZ0x1WHN5Yk90WkZwX21QXzRzM09vcE9SYmdkZFJGSW1tSDRUTjZkRmpMSlF0VjdvRnpNaDZjcjlVb2VuYTJ5d1l1QWRrMFh3MTVuS3ZhSVdudA?oc=5
삼성전자,연합뉴스,분기이익 200조 향하는 삼전닉스…중국 추격·이익배분 시험대,2026-08-08,https://news.google.com/rss/articles/CBMiW0FVX3lxTE9LUnMxZXhlNTlSRHE5Q21sTVNQOHZkcFA0VmVYeHhYUXZjVnFvMUlwbnpfQXNPWmxpOXVkVmp5TXZzd0g1dXF3c0pMX0tPekRGVUhENktLaWdjbkHSAWBBVV95cUxOM3IzX21BRkxGZ2kxYnNPXzNHU1phdVJfLVBLQUg4Zy0zVVlJYzNZRi1fVDBGdXJqX2VkTkpLNzJFd2dxekVIRW4xM1BUWTBOY05DRC00UldYT0gwUlJiY0I?oc=5
삼성전자,연합뉴스,"PB님, 언제까지 버틸까요? [따끔in터뷰]",2026-08-08,https://news.google.com/rss/articles/CBMiYEFVX3lxTE5iZ3RUOW8yYzc4RGRnZ1hUN1RPSmpCVUNWRklKZ0ZxSWZVSjVDUTVOWWFTS3RZdGx2YjR2V2J4RWhzWUFFN1NWd1J5NVVqSmVtZ3VTNk5SYldVaF82Tk5WStIBYEFVX3lxTE5iZ3RUOW8yYzc4RGRnZ1hUN1RPSmpCVUNWRklKZ0ZxSWZVSjVDUTVOWWFTS3RZdGx2YjR2V2J4RWhzWUFFN1NWd1J5NVVqSmVtZ3VTNk5SYldVaF82Tk5WSg?oc=5
삼성전자,연합뉴스,[표] 코스피 지수선물·옵션 시세표(7일)-2,2026-08-07,https://news.google.com/rss/articles/CBMiW0FVX3lxTE4yNWVLY0tPWHV0amVPaWdGRjJId2dNOUE3NXJ2dGJPYm96S1R1ck1UdC1tNE85aE0tSnFxNzI2M0ZLbGFXZTJwWXNxeDlRVTR4NUpFQnV5Z0xXWWc?oc=5
삼성전자,연합뉴스,[표] 거래소 외국인 순매수도 상위종목(7일),2026-08-07,https://news.google.com/rss/articles/CBMiW0FVX3lxTE1tdXd4LVBUTTBzWU5XVE1fWUR2clZ2a0F2d1VlVGdXWUJWWm5rNHREMEtMQkZwWkFRMDl1dWZOeVY2dmdYcDI5c1pnNFl3ZFVPM3JqQlR0SVBvSlk?oc=5
삼성전자,연합뉴스,중동 긴장·외국인 매도…코스피·코스닥 동반 하락,2026-08-07,https://news.google.com/rss/articles/CBMiYEFVX3lxTE4wdVl5UXM2NE9tdkVPT3E3dnc0UXFXV2FnZ3dLT1dkeGhWY0dNazJweEF0dDFWWk5YU1FLaWdpN1RVTFgyWGViZmFPWDF0b0F1cTFHMHB5akJEeWJkaDNRc9IBYEFVX3lxTE4wdVl5UXM2NE9tdkVPT3E3dnc0UXFXV2FnZ3dLT1dkeGhWY0dNazJweEF0dDFWWk5YU1FLaWdpN1RVTFgyWGViZmFPWDF0b0F1cTFHMHB5akJEeWJkaDNRcw?oc=5
삼성전자,연합뉴스,[표] 주간 거래소 외국인 순매수도 상위종목,2026-08-07,https://news.google.com/rss/articles/CBMiW0FVX3lxTE5ubHJCZGx1SVFBcHlEV21LUjFpTE1iS3g4NHVaVmh6a1dnLTZ6dWMyMF9FNnpnN2VhLXZzY0liNXRhekc1UzB0VXFlODRic0puOGpNaXk3NW1yTFU?oc=5
삼성전자,연합뉴스,[표] 주간 거래소 기관 순매수도 상위종목,2026-08-07,https://news.google.com/rss/articles/CBMiW0FVX3lxTE1kNmtDWUtZVjNwOUx0RXVFRlpFcFlaZk1MNHNianpUSU5PYmZ6anhHcHZqcE1ad29jRE5xa2hmTlZtUWNKZnhzbktiVWJxbUR5cUtjYzBVNC1LZEk?oc=5
삼성전자,연합뉴스,"""AI에이전트, 세계인구보다 많아질것…메모리 가격기준 바뀐다""",2026-08-07,https://news.google.com/rss/articles/CBMiW0FVX3lxTFBCVjRmMDVHZ01OUkdjSWhBT1Y5b2dFdDNZaU5aTG1td29Ja1ptRkoyZ0M5YXFfU1RFUk5HRDNUVHlib1dpNUhteDNKN0tMcjVyZWp0MzVfZ1JBZGfSAWBBVV95cUxOZHFtd2hOSjRhaW9wUG1FcW1keUVWZGlnYS14ekxSNXQ1T19lcEZDcFdZQ1NIa2diNTcxNG5BbHFNR2hKUmxxN0FpQmtQRktBUk5rZEVBblNIZkxUbkdzbG8?oc=5
삼성전자,연합뉴스,"[특징주] 삼성전자, 장 초반 1%대 상승…SK하이닉스 하락전환",2026-08-07,https://news.google.com/rss/articles/CBMiW0FVX3lxTE1NZm1TcGFaMU5FQUp4VVB1NGxHdVJSeFMwS1g3Wk5hVWRPS0h0RHF1Y0JxVUZtWjc3U2VBcXdnTkhKNXZaaUJGNG5ud25qdHBQajJjeVpHandpNFXSAWBBVV95cUxQWnhoTWVZSkFQWWtmWmlXVVk2ZmJTOG9NZnNHOW5jMHo5OWx4S0VEYzQ3QWRfaE9JZkN1c0k1S3pGUERaZW01V1hudmFUMmROa2xjRm9ucGtqZmJJZk9Ya1o?oc=5
삼성전자,연합뉴스,"삼전닉스 레버리지 상장심사기간 29일…""절반 단축""·""사실아냐""",2026-08-07,https://news.google.com/rss/articles/CBMiYEFVX3lxTE9hQnFpN1BuQ1ZoQ2lRT2lCQ2d6NjI0V29RMzB2V3lEREFNOEM1eHctaXB4ZjZnSXpTUzcxX2FmVFNuRm5XYUZOWld2NmlrVlExbXpxUGxWSHNtdjdqVG4zVNIBYEFVX3lxTE9hQnFpN1BuQ1ZoQ2lRT2lCQ2d6NjI0V29RMzB2V3lEREFNOEM1eHctaXB4ZjZnSXpTUzcxX2FmVFNuRm5XYUZOWld2NmlrVlExbXpxUGxWSHNtdjdqVG4zVA?oc=5
삼성전자,연합뉴스,중동 긴장 재고조에…코스피·코스닥 하락 전환,2026-08-07,https://news.google.com/rss/articles/CBMiYEFVX3lxTE5iLVY2X0RVT0EyVkhGaGtWWTNIa2F5UTduWWlkLVpJa3BUZGNTQ1JNYjhhOUdwdklZVnlGa2djMGx4VXgxdktsUWw5Vy15V1ZuVl9YSkI1SDY4RU83RjhxWNIBYEFVX3lxTE5iLVY2X0RVT0EyVkhGaGtWWTNIa2F5UTduWWlkLVpJa3BUZGNTQ1JNYjhhOUdwdklZVnlGa2djMGx4VXgxdktsUWw5Vy15V1ZuVl9YSkI1SDY4RU83RjhxWA?oc=5
삼성전자,연합뉴스,"하이닉스, 전날 10% 폭락이어 또 4.8% 급락…삼전 0.2%↑(종합)",2026-08-07,https://news.google.com/rss/articles/CBMiW0FVX3lxTFBGbDlKSmNYOGJ4cUMtYmdBdWUwRjlrY0lIWGtEc0tzdXhESWQ0eGxWWkphaVdkYTlFaDlzM1pDeHFIbVp6dzliSjdKQlh6X2d4U3MzU3F0Z3lPUG_SAWBBVV95cUxPakJIUS1tNEsxVVMzUWptdjJCU054LXJ6dEl1cTFUdnRDNW9wcHVyR1RiZEh1Umx6eUdqWmtWU2VqZlZveEd0el91N1hHSk5Zd0VJM1Vhc3I4eVUzTTNobW4?oc=5
삼성전자,연합뉴스,"삼전·포스텍, 초고적층 3D 낸드 난제 해결…성능·전력효율↑",2026-08-07,https://news.google.com/rss/articles/CBMiW0FVX3lxTE1CZHU1ZkViQV9EbkxVV1hjVUhtMGdlMXZFaXk4UTVaMDJyUnZhUUhLVTlLMTRJV3BiMUFTZG1YWGxiSWNCZUVsUllkWWN2R3kydzVNWlUyelM0M03SAWBBVV95cUxPRWNfek1NYzdseTZEbXZXa1BCUElsMzYwaUNsb3lGVXB0bno1UWt1WXpZWFJfNFJ4STZiNVVHU1VoazZZa0lveUZBVlRiQkR1cTZxbUdLT2pOSFZsX3d1N2U?oc=5
삼성전자,연합뉴스,"코스피, 4.6% 급락 6,200대 마감…코스닥 닷새째 상승(종합)",2026-08-06,https://news.google.com/rss/articles/CBMiW0FVX3lxTFA0enVNNFRtX3A3RlRVNWw5Mzh5TzRIamtLOTZVdnVQTzh3ckhkalJCa3ZoWjBvNGU4aHZKa1VmNVBfUHRjOEp3bnNzSVoxLWJOUVF1SWJfWnRhQlnSAWBBVV95cUxPTEQzcUFZaFF3bWVST0Rabm1yNGVvSTdGSUJWVGVqYTdYcVlBVWJ1VzctVnh1NEg5eGdMNF95dFpRRlp3M3BZU1RoejdycHJpT1cya3pnUGFGMThPNjlpLU0?oc=5
삼성전자,연합뉴스,"삼성전자, 넷리스트와 특허분쟁 종료…5년간 전략적 제휴",2026-08-06,https://news.google.com/rss/articles/CBMiW0FVX3lxTE13Q2VrMjlQdHY3Y01JQzcxMGhheUtqRUMzOUNTa0ZUbFR5RDFHeXl0RlNqN0hxcUtGRW5EazVDdnF6MGliUTVObkFzZ0NteXFXNUZPbnhjVmpGbDTSAWBBVV95cUxPQzNBcmpOU2lGRGFFVHE2N2Z4NDEtclNLZXF6dzF6M2UtbGZMRW14TGNxaGx6QXduOE5oTk5oTi1VYV9RMFBINXZuU1NmNWEzcERHeWEyTXJOenFpN0xXQng?oc=5
삼성전자,연합뉴스,"美 메모리주 쇼크…코스피, 4.58% 급락",2026-08-06,https://news.google.com/rss/articles/CBMiYEFVX3lxTFAzRWtFQTVjQW9RNENOLTJqSlZ1dUZnMWx1UXEwZS1GQldmVHhzbXJLLThZNVlvajZQdmlYbjN0Q3FQNHktX0NOTWZ5VDVLUGVxZjAycHQzQ2RGTldKRkZVSdIBYEFVX3lxTFAzRWtFQTVjQW9RNENOLTJqSlZ1dUZnMWx1UXEwZS1GQldmVHhzbXJLLThZNVlvajZQdmlYbjN0Q3FQNHktX0NOTWZ5VDVLUGVxZjAycHQzQ2RGTldKRkZVSQ?oc=5
삼성전자,연합뉴스,[표] 거래소 외국인 순매수도 상위종목(6일),2026-08-06,https://news.google.com/rss/articles/CBMiW0FVX3lxTE15S1NhN2lvbFk0NzVkNUhOS0lPSVNreUNkeEdhVS1lVlJWb0F6UDlFSmF6SDR1RktEOWxlN2hTeWlaeVNfOFk4UGZFN0dZUjlacWRsU1pRZGU3elk?oc=5
삼성전자,연합뉴스,"코스피 4~5%대 급락, 삼전닉스 휘청…코스닥도 하락",2026-08-06,https://news.google.com/rss/articles/CBMiW0FVX3lxTFBHWXp6djVwV1ZGTjNwajZwcWk0R0Z6R1p3QmFpYVhDQWpPY3VMaUxidkZ1VExlVTdjS21fOEhOaWFCeXgwVTlGeUo5YTJITjd4Y2JQY0x5UWJwSknSAWBBVV95cUxQSUN6eHY0Q1JETllaQjRCMXNRVWZMVWRRVWU5alVrOG0wYlZ6UzVZTnBCV010SmpwMzR3Zjg3cTYwQ1dYWmxFaTRselRQcHZLdkxUeGxTTFVvbXV1WFh2Mjg?oc=5
삼성전자,연합뉴스,[표] 코스피 지수선물·옵션 시세표(6일)-2,2026-08-06,https://news.google.com/rss/articles/CBMiW0FVX3lxTFBFTExuQVlqdWFMaHZSbWJxTGlBWkFQM3VpLUpTcXpVUlJ3ZkZOUXZKQUUwcTB2Q1dSZmtrV01PSHExQkhVR25QR3lCbVB3UjRHdzBPNEpqMjJiQUk?oc=5
삼성전자,연합뉴스,"[특징주] SK하이닉스, 장초반 6%대 급락…삼성전자도 2.03%↓",2026-08-06,https://news.google.com/rss/articles/CBMiW0FVX3lxTE93WFFPN3JBUFI4Y0NBSEhxMXNocldadFBXdFlaZTZfNEZ2bU5QbDM4emVUMHhoSjY5b0pzNjRRRkhnangzMmpIMVp4Y19aVmo2VUhRTENTdC1Qb1XSAWBBVV95cUxOMmw1RGZ5M2FQbHhLQ2FqRkt6ZDB5SkMyY1JuVXdwOFBIa2ZUZGFLay1mczl4UWxpUDlVbDA0Y2hIak9WbXdFSG1kaEdmSERuVHQ0VFY2aWhhNFQzcXJqQWg?oc=5
삼성전자,연합뉴스,"삼성전자, 미국 테일러팹 첫 인턴십 모집…파운드리 증설 속도전",2026-08-06,https://news.google.com/rss/articles/CBMiW0FVX3lxTE5xVFFjQjRURWJiT19XSjVPLXJSSXJ6bm5Hdzl0VXVqaUNaX1ZKcExqWUZPU1U4aWZiUHZ4dWdEREEwbVJseFdHVHFPdDFCb1RGRk13dGZGd05rQ2_SAWBBVV95cUxQUGN3WUF4Q3RrWV8weGxZdzh2NFNyMk14R0JGSnh1aGx0MVFhNWlBbWtTc1VDS0hOX3hHNWg4UnBRQTZjSjl4ckxQYkFyWVpzcXM2RkVJenE5c2lhQU9FTW0?oc=5
삼성전자,연합뉴스,"하이닉스 10%대 폭락, 삼전 6.3%↓…외인·기관 팔았다(종합)",2026-08-06,https://news.google.com/rss/articles/CBMiW0FVX3lxTFByMGlZamJSeUxKTmJpd0VJb1hzbnJtZjhZRmZiRkpBbEFIQXJtM3YwX28yNXhYSkxnZkJaM1N5NWxseHZpb0ZnZEdvSmZJUHNZWWhmRV9ZV0thRmvSAWBBVV95cUxQYWxNQWRjcURDWUYxMUFBenVwWjZfN3lVM3FGVkswVmRZV2FObzZMd1d3QzVfMy1aUFBMY2dQNmgwOC1QNG85RlMyYnhkZ3VCN29RTnFyd19ic3RLc2J3Z1g?oc=5
삼성전자,연합뉴스,"삼성전자 등 90개 상장사, 지난달 7.4조 현금배당 결정",2026-08-06,https://news.google.com/rss/articles/CBMiW0FVX3lxTE8zRXhCNUJHb3NWaW0tbURFQ0lsWjVOMG5HR1VpSzY3VEdZdVNHR0VaSHhzNlVoOUwtaTRpN0hXVEczOVp1QlJ3WDVfUmJRQWhIX2tPNHU4TWpTLWvSAWBBVV95cUxNWlZSZ0JnUnBDbXd4OGVYS3Vtd1ZHMGZLZGtETHNRZno3b3Jhc3pzNE1PcWRzUmctLXhKaHRkdW5xSUQ5ZXhta05tM29tS2kybHZpOXJqMzZQem5xbWZSYjk?oc=5
삼성전자,연합뉴스,1030세대·여성 고객 늘었다...'사전 판매 최고' 삼성 폴더블 국내 출시 [뉴스더보기],2026-08-06,https://news.google.com/rss/articles/CBMiW0FVX3lxTFBUejItZWNGTGN5MXh4Z3ZSZDZvWlBvMVNZSy1ocGdhN2JTUEN2UF9pWWVuTXp0ZGd0ZXpsYVRpU3hGWG1uY0E0azJ0eURyVy1DS3otcmxXbWNmV2vSAWBBVV95cUxPVktxcURXQVJucFVsZW5vVWJJVkNtMW1UZmpQNlV4ZnRFQ3BuRTNCM1IzVVd6c0FWWE11RURHdmV1X21QQVVCZHZWUVVtQmlZdGYwdGo2NVJIUzJHRUtUT0M?oc=5
삼성전자,연합뉴스,"코스피 다시 3%대 하락…6,400선 아래로",2026-08-06,https://news.google.com/rss/articles/CBMiYEFVX3lxTE1rZHE3V0I0Y0hORTI1Mm52V05UNTduS0hYTncyZVk5VTU1ZkVrWXB6WjVpeDNLWjhNREJFSlM1eFRMRTNoeXRrcHB0YW9NRm9qdzd1dE5nWE5NZ25IZ2dNcdIBYEFVX3lxTE1rZHE3V0I0Y0hORTI1Mm52V05UNTduS0hYTncyZVk5VTU1ZkVrWXB6WjVpeDNLWjhNREJFSlM1eFRMRTNoeXRrcHB0YW9NRm9qdzd1dE5nWE5NZ25IZ2dNcQ?oc=5
삼성전자,연합뉴스,"[퇴근길머니] 코스피, 반도체 약세에 다시 급락…삼전닉스 ""주주환원 확대""",2026-08-06,https://news.google.com/rss/articles/CBMiW0FVX3lxTE9SLXpZU1B3VHhEclVDamtpV01NM0Q4Nmc0Y1paRm5GYUZJSTdyUjBUM3lGYU9ESHFmaDZ3SjNxWFU0c2t0ZEExVXhOSlc2a3o0VlI4UVBsRmhXUkHSAWBBVV95cUxPX0lIcnNOclN3SE9tN2FpY2l3cXdYeXo0c0VOdl8zMTc1dzlBdEZ3cjh4SXF5NExkeHJKQVNmbTdTZlI2Q21RNmxsUDd2WDZHbHhmcXI0Tml2SThOV19xdUE?oc=5
삼성전자,연합뉴스,"아산시 ""착공까지 한 팀으로""…삼성 투자 실무협의회 가동",2026-08-06,https://news.google.com/rss/articles/CBMiW0FVX3lxTE9kandnMTlCNnJ2ZnNickNMWEdabHh5VzA1NFE0YzVCLWtKQWtIR1pHQUtLLXU4NkNDNTRHUXdYMFU5REpPQ3BuOHlJb2VCWVF1TEk0X2FNN3ZNbVHSAWBBVV95cUxNN2lJV25lVC1XUmpGdEV2SGpvYmF3dGlnNE1BbF9LOUl6QjU1MzVhYmVvY0phajhSX2tNdm1heDNzQ0EtVWFidENvYWE2a0dkVGIzZk5XVHFVMVFiRnoxa3Q?oc=5
삼성전자,연합뉴스,[비즈&] 삼성 갤럭시 Z 폴드8·플립8 내일 공식 출시 外,2026-08-06,https://news.google.com/rss/articles/CBMiW0FVX3lxTE1jd0Y5dTJhTld6dzZiNlJSNnprbmkySTFuMW5oYjFJZW4tOWJkM21tNVlNTy1OUGlMSVhtVzdCNUZOdGR5dUR0UXV0N2JGcGppOFJ5SEJWamE1X2_SAWBBVV95cUxOU1lSajdURWNHV1U3VjdiOWdzUHZ4MVVsOTNpT3MxMy0yTl93TldNWUcxZEZBYXl4QTRSSW14MHJlYWhGOFpOUldfd2hJbHFzT3R4U2lKNjlyMy1sNC1mLXo?oc=5
삼성전자,연합뉴스,"""삼전·닉스 연말 순현금 375조원…엔비디아의 2배""",2026-08-06,https://news.google.com/rss/articles/CBMiW0FVX3lxTFAwaTM1d1FxRXUxdmtod3lCZF9JNG50VlU0NkpZdkd0NkRubDd0TGdmdjgtMzNQRGV3TnRJRUVzREEyU0xVbEU5Z0NFSHY3YW1EZHNDeWc0UmZOaTjSAWBBVV95cUxPRHVzMXJYWlBCV1JQSWdfdk5Fc3VPeV8zU1g1cV84UFBwWElUaUZzc3hxOENlR0tWeWw2LWdSSXZ1Qm9aT0JUVzNrRWc2Z2RvTXA0WmIwZW44dmVxc2hYRXI?oc=5
삼성전자,연합뉴스,"경찰, 주주단체 고발 '삼전닉스' 대표 수사 착수",2026-08-05,https://news.google.com/rss/articles/CBMiW0FVX3lxTE5MWlpxdzF4SjZlejVybTRYLVg0Zk9Wcm5DMUE5cWpubmtYLXEzZlBDWU1GSDl2U3hiU0tnMVZkb2pqVGhhNGNwZTl0OVJ3WWFneWVDc3pDczg3Rk3SAWBBVV95cUxNX2h3Sk9FYUNPLTBCbG81U21kLUV4TkhmSm1HLUxiS3RMVzVRTDBwWlpXS3gxaTU3anNwVmpKTXhrU0ZzMVlMTWlGU1hSam1waV9qUFNkS0plTlI5NV9rblI?oc=5
삼성전자,연합뉴스,"코스피, 3.76% 급등 마감…코스닥, 나흘째 랠리",2026-08-05,https://news.google.com/rss/articles/CBMiYEFVX3lxTE9VMERENmVtc2U5TWNuYk85bEhDc1F5Z0twWFgzUE5vS2lBSTBzRHJ0cmZhWU9JcGIweVhCZ3lXQUcySzlPM2hlTkd2ZW5uLXF1ZlRHY091SGRaNV9JMTExSNIBYEFVX3lxTE9VMERENmVtc2U5TWNuYk85bEhDc1F5Z0twWFgzUE5vS2lBSTBzRHJ0cmZhWU9JcGIweVhCZ3lXQUcySzlPM2hlTkd2ZW5uLXF1ZlRHY091SGRaNV9JMTExSA?oc=5
삼성전자,연합뉴스,"""삼성전자·SK하이닉스, 재무건전성 유지속 주주환원 확대 검토""",2026-08-05,https://news.google.com/rss/articles/CBMiW0FVX3lxTE53dDhBenNCMVZXLU5MRTBpUnRXT2ZHZld0RmtOLW1hejNXVGozZGZoRTUxallOMXhsNEdZMldWT1RtRGxocUJsOUp4dFhCREVRM2E5Z2k1VkVOeWPSAWBBVV95cUxOUjV0MXhZX1lSdk5oNElPZjlSWGFVc2dfVTRWMEJkQlNTRXRMMzRjSGdjdFl3QXczbjg2bmwzU2lrQ0JPMm53LTAyNnpXYXYtaGUyTmlIXzY3dWEzRmZGQzY?oc=5
삼성전자,연합뉴스,[표] 거래소 기관 순매수도 상위종목(5일),2026-08-05,https://news.google.com/rss/articles/CBMiW0FVX3lxTE5sZnZNampQWkZ1b3pkYXBheHFzUWRybGxRTWNVOE9SbXloX0szMmpIT1Vnb0dkemVmaDJzYnZqUGR0ZG9iYXZDckJWd1V5elQ5N3l0Vkt1QlRuTjA?oc=5
삼성전자,연합뉴스,"삼성전자, 최신 '갤럭시 Z 시리즈', '갤럭시 워치 시리즈' 국내 공식 출시",2026-08-05,https://news.google.com/rss/articles/CBMiW0FVX3lxTFBxY0M4UlJ4b2dFWkdrNTl5MC1VeHNQOEtjMUV4MFNjd1FfcE9WRVpzZzNHS1o4cFhOTlRVUzNLRFlpZHpVczU5ODRYYjNyMkdWdHpCSGwzajQyWjjSAWBBVV95cUxNNjJ4NWd0OXZNYmFiams2aVZONUx0T3ZRZXhJb1BtQ3YxeldDMG1hUXY4bnhnc2pVUzJmNDdYMXBySlp2YWR5bjkxY1Yxemt6QTc4N1pBd3dFWG0wZ0daLVA?oc=5
삼성전자,연합뉴스,"반도체 훈풍에 코스피 6,600선 목전…코스닥 나흘째 상승",2026-08-05,https://news.google.com/rss/articles/CBMiYEFVX3lxTE1PU1Zna1JhbmV1NjNOczVsZDVGaWRuNndWVGV3YVBFdEh1X0pEUmV6bkt4THpBRWQ1UTBJOUNrR3pKbG9vbjh3d2ZHd2RPRmlKd0tFb25ONEZJdllJaVEySNIBYEFVX3lxTE1PU1Zna1JhbmV1NjNOczVsZDVGaWRuNndWVGV3YVBFdEh1X0pEUmV6bkt4THpBRWQ1UTBJOUNrR3pKbG9vbjh3d2ZHd2RPRmlKd0tFb25ONEZJdllJaVEySA?oc=5
삼성전자,연합뉴스,삼성 갤럭시 Z 폴드8·플립8 내일 공식 출시,2026-08-05,https://news.google.com/rss/articles/CBMiW0FVX3lxTE1jSWRnZGNvNGNtczZhNXhZM29lZXNCamNtOEpDNklLV05DSkZDZTZ4VmE4X1BtMU1iWFliQnN0QUZWMG5VMlNhRWhXN25udzJuREZocHpjOWlhbTTSAWBBVV95cUxNS0FfRFFrSUluNUllaFNkS1QzSjlnYV9mcG50NVV6LUxmOFhKQXlKLXNwTnFlMlpENnlTNmtUMHNFTTFzZHhQcE9TZnZ0NFlaVzdpSTRpdElkZ3NtUjlON2I?oc=5
삼성전자,연합뉴스,"삼성전자, 'FMS 어워드'서 V낸드·AI 메모리로 2개 부문 수상",2026-08-05,https://news.google.com/rss/articles/CBMiW0FVX3lxTFBETUdza1N4ZnZpenR2YTVVWVl2REh5Y0dWdGt0SFNlWjAxbXJjSE9qUHdJOXFNbnBkQnpRRlA2S3U1eGgwQWN5Z2QyZnZkcnpfQTFfWFhybzVxV2vSAWBBVV95cUxNRS01MHFHb3BNUU9fQUpMUUNzWGZfNDJ1dTlHaUJha1UtZVdSS2k5dXMxR2xRVlllYl9jOUJvUzliRi00MzV0R3FaX0ZPYzBwWW9RenVYNUxJeHNGQzVFX2c?oc=5
삼성전자,연합뉴스,"[속보] 경찰, 주주단체가 고발한 '삼전닉스' 대표 수사 착수…성과급 때문",2026-08-05,https://news.google.com/rss/articles/CBMiW0FVX3lxTE1WV0NLTmp5N3ZZV29yR2NQUlg2YVJLcVFfSkR4eW8zdEZtUFYyTlU5UnVqN0g2OXZQVzFUakh6RE12M2xHcDQzOFhtZVUwVGducFpqZjVkQmhLSUHSAWBBVV95cUxNVmhfejEtalhjOXhFN3paYmlfMzg3MnJyaFZwbmVQQWoyeWVSODIxeTExZ1JtTl9PUm5pR2dtZl9Wb1BxM1ZucE82b0h3Um9vQXhTUjRLLUhUVWJHanlkYWQ?oc=5
삼성전자,연합뉴스,"주주단체 '삼전닉스' 대표 배당금 고발사건, 경기남부청 수사 착수",2026-08-05,https://news.google.com/rss/articles/CBMiW0FVX3lxTE9LQS1PSGNYcjhWTlFlaFR6YTlSaWhZakZIekw4ak5rQ0JxS2Z2V29BUk0tbGpVZkF5M0h0Q3BBVnJLQWdiVUZBNklDTllMRW9DaF9mcFE0c2M2TkHSAWBBVV95cUxNSjV4TFNGdjRWbExCXzNmbElGUjRRNHJMcWpTYUEtWks4U2dsNmNwNmNfbkVYOTNTYVEyTFMycktEeWRtY25CTjVyLTNiWnRqZGZmZnlPOUxDXzY3c1NFeG8?oc=5
삼성전자,연합뉴스,경북 구미서 '2026 갤럭시 런칭 페스타' 개최,2026-08-05,https://news.google.com/rss/articles/CBMiW0FVX3lxTE5qRHJTOUhGZTN6X3FKbEpjaGVfa0VoMm5fMEhiVnRHRzNpMXR5c09KeFZ0WURMZkxRTTlfSE9ibUZXWkhLTjNSdXFZUWQxbGNLOS1RUmhKZG1DbnPSAWBBVV95cUxNTEx5TENWMU9mQVRNdHg3YVhKeWY0eU85N0ZYVE54SjFOM0lvVUVUVWUwS1pRUVdNcHpxTVZVaV9IeV9lektSN2xEb3FTRzFEZWJOQ0ZUcFlUT1NUang0c04?oc=5
삼성전자,연합뉴스,"삼전 2.5%, 하이닉스 5.7% 상승…외인은 사고, 기관 팔았다(종합)",2026-08-05,https://news.google.com/rss/articles/CBMiW0FVX3lxTE4ycndJMlFfc0xobG9aYmpjSlZEb0NiaHFNaHpFVHJnMEhfOXhIbXIxUmhSQWJFd25XZDM1X1NKN1JVSTdXd25QQzluenFkUm9hMVdwZHJLcEZ1N3PSAWBBVV95cUxOVE92b1p1X3BiT3V4MTRVQXhzOHB0VjlSNWVKUUtOLVpRYmxTUHZoem1ZQlFLRkhCWjBIc082M1BkcEpMenVKUE5TLWpJbmJfU3lmRGZhY3ZPbFlBSDJhbG4?oc=5
삼성전자,연합뉴스,[그래픽] 삼성전자-SK하이닉스 메모리 장벽 돌파 전략,2026-08-05,https://news.google.com/rss/articles/CBMiW0FVX3lxTE9BSXlzakFvODFGbWllR1VZb3YwRk5wcUdJMHQ5RXhSZXdEUUJyWUZCNlpzNU1Zc29KamNEZkdsVFd5TTJfSlpyR0hsNVBYNzVwTkswMmxYc1o5VTDSAWBBVV95cUxOQ3pVdVVubk1uekdHLVdtWGt1azlXRlh2RGhybS03Z24tTE1yNzFvMjBvRWZ3QjVERmQyeFJuNnhmcVZRZGR5Q2Z1aktYYjZCaUN5MFR3Qjh4MzUweEZOVHM?oc=5
삼성전자,연합뉴스,[그래픽] 삼성전자 차세대 3D메모리 'zHBM' 공개,2026-08-05,https://news.google.com/rss/articles/CBMiW0FVX3lxTE41c0t3bEYwTldrRmlUT2ZKalo0MHRQb2xOdVVZcld3RGtfNDVLeGlyZldsaHVXUzBWOFNwMy1EZ1hRek85eXFhN1RIeGFGUDNMMWxJeFd3ek0ya1HSAWBBVV95cUxOaWxUQWE4ZGlHb0NWQUdiVVlwSjdhODUxSVlDc2RjaS1CV3JncUd0MFYzczVsdXBBN3BiNFdETExfeEZQRlRXREZNa05YbEVrTzR5cUMzRVJkNFJNUTdHZkU?oc=5
삼성전자,연합뉴스,높아진 조달금리에…삼성 빼고 10대그룹 회사채 잔액 감소,2026-08-05,https://news.google.com/rss/articles/CBMiW0FVX3lxTFBjLTFLamRTS2tBeUJhSFRIMC1HWGt4QmIxRS1pU3VvY0Z4N3B3N21rVDZMNkJFcjlxc2o3VGNqX2NMbFplN3lHWlN3OUdSeDJCUWxINVNMekg4Vk3SAWBBVV95cUxNNGlfRW5EVWUxV1RUT0dkRXUzM256X0g5LURNSDQwb2NBVkQ4MXJ3LTVNdjR1MEQxTG9RSUtCdE5IWWhGNEw1by1Jc1BJbnZpclZ6SGxXVkVVLVF4QnNlRG0?oc=5
삼성전자,연합뉴스,사전예약 폭주한 갤럭시 Z 폴드8…사전개통 이달 말까지 연장,2026-08-05,https://news.google.com/rss/articles/CBMiW0FVX3lxTE51c1I1UmxvY0xyN3dBUEdicWFzMnZ4UFpMOVZLQ1BEd0QzdVdoUVdCRUxWVms2X1JLbmw2amk0VlFJUnk2ZGxNS3FCemxocVp2SVdJdlh1TnRHZzTSAWBBVV95cUxOTURkcHVqR2t5aXA4cmJIUTc4RUpCaXdVNWIyUmlEMGdjQkFoallqZElacDhpaHhSenViN2c5cm9ISmpMR0EzVGFrT2JGUldLWThnVWUwQUdBR1VkWHMwVDQ?oc=5
삼성전자,연합뉴스,"[르포] ""모형이라도 찍자""…삼성전자 새 3D메모리 'zHBM'에 셔터 세례",2026-08-05,https://news.google.com/rss/articles/CBMiW0FVX3lxTFBuaXIyWnVwblVuWS1VREwzV254bU9ZRl9wUlpZLURtT2ZhUGFOYnpRN3VuR1FZTjJvaEhMbGRPNEVKajV2TmxGTC1BNG9Hd1Jfd1BVMXp2bENUYTDSAWBBVV95cUxPWUx3emQ3bFU5dDQ3MXl5dFpfMWZWSFpfM0RzNXQ5bXV6SENqTkEtT2hMNDJLVmIzT3RKUnBkVnRmdC1SX25nY01sejRoUmZfNi1pZFVUcENNcmdJYWRyYXg?oc=5
삼성전자,연합뉴스,"한강유역환경청-삼성전자, 한강 수계 하천 생태계 복원 '맞손'",2026-08-05,https://news.google.com/rss/articles/CBMiW0FVX3lxTFBILXBUY2pIOHM4U0pKZmd2aERfVzhPeHJzamNTWE1zQVNuUWVVLUduVDFwOTBKM2hGRnBLa295dUFDNjg4eGNISEhYMDZrX1lvU3NHZDBabkdBOE3SAWBBVV95cUxNbFJsM19DdzM4TWU1cGsweDNrM2dqSGhxVVRRblJzbjkzMzVoZXY4WXRFQVFJVWRQWmNyakZEdHhnbHFVOGVmY3dyekVpUHdtckxQWkZQUkJVUXJIVjQwbDY?oc=5
삼성전자,연합뉴스,美훈풍에 코스피·코스닥 2~3%대↑…상승폭은 다소 줄어,2026-08-05,https://news.google.com/rss/articles/CBMiW0FVX3lxTFBmX0ptQWNDUm1EX3FPdklLZDZHbzV2WDJoT0NpTERjV1hKNTVsUHRPTFVpXy1ocG5HWVdXX0hvcm40VW1DSlF1S09FRm1odVRLWDNHS2NVcmIzekXSAWBBVV95cUxNXzBFTl9BeHhaX0I5YktvVUtobDkxOFJGTC1GckNFMVJlQjI2Vkt5MTBaSjRvRDZPdzIydlVCQ2M3eTR2cGpKeXp3ZjVxTkQwc0JpaXNrd3lrTHB4Rkx1Y20?oc=5
삼성전자,연합뉴스,"[특징주] 삼성전자·SK하이닉스, 장 초반 4∼7% 상승",2026-08-05,https://news.google.com/rss/articles/CBMiW0FVX3lxTE9ZM185enYtRlA3SExLZnlGUzJ4bVFaREY1X1M3bVFaVXR0U2lxcm5DeWZoNDFIdWMxR2tHQ3Q4OGtBOWo3SjJHZTZvN3lpR3Ewa0gwZGl2MnpJRk3SAWBBVV95cUxNYTZ2NHdEWVpsM2k1QVU4N2Z3VE9Dd0NUY0lUTkdrLVlqT2pYdDBGTGxuaUxickM0MHJSR3I5blRZNEkwS01tdGtFUHkxSWoycWFvZzNTcjdMUjAxT25yWFU?oc=5
삼성전자,연합뉴스,"삼성메디슨, 미국 아큐레이와 정밀 영상 가이드 치료 협력",2026-08-05,https://news.google.com/rss/articles/CBMiW0FVX3lxTE9ldl9GalpqdmNLRDNWMXB5NmZpa29lX01KbjVRaTl0Wkw3M0xqdk5vbkg4c21IbXZPWFhHNy1pMlJRbFotX0ZSMlhCRUhJc1RFZERvMXBXUGRoYWPSAWBBVV95cUxPcXNWdktadzNfcUdLTWlsSXBGRXBzNU04VHhIY28zN2c3YmFYS2NEaWRnV3BiSXJScmljbWR1d2Q1ZlVGanF1QlRZUXZYeWdWdmVSQXJGUGI0aWhoQzJsUmM?oc=5
삼성전자,연합뉴스,[표] 거래소 외국인 순매수도 상위종목(5일),2026-08-05,https://news.google.com/rss/articles/CBMiW0FVX3lxTE1uVzZFSVIza1psWjVJVnRIM1FuRFRobkVPay1BazU4OTYxZUhkaE51UFhqS3JLa1Z6TEMxNF9tT0hDZlRLTTJtdUdMbDRHb3dzSjhaTWlpMUhHUVk?oc=5
삼성전자,연합뉴스,[표] 코스피 지수선물·옵션 시세표(5일)-2,2026-08-05,https://news.google.com/rss/articles/CBMiW0FVX3lxTE9VWDlQRTQ4Rk95blJJNHV0cjFzMlM2Y0N5cHBZWjZseUxKdjBwcnZlbGp0QVhxSEJmWlVzTWFCaVJmV0J0VzdURDE1cWdabEhxclBMSExSUkx5djg?oc=5
삼성전자,연합뉴스,메모리장벽 돌파구는 Z축…닮은꼴 해법에도 전략 갈린 삼전닉스,2026-08-05,https://news.google.com/rss/articles/CBMiW0FVX3lxTE1FcEtfbHc1QUU1aVZyc0NrbGtVWVkwX3RRWnFJTFhyMDNrVGwwMktJN3lqLTFUY1VRQ0VGekxSTmRyTmdnV2VfbmpscGdQVm9HbURyeUJCZlJSczTSAWBBVV95cUxOSXkxcEd4S2pMRjJ1T2paQm5iRlI0MnRQd3R1Z3N6NnNONUVnaDg1UWNCVm5LNkRhOVhxMVI4SHFBQzlsc3E2S3Zadk9IWE1qOXZvcG9sQ0hzdktPMGtSX0g?oc=5
삼성전자,연합뉴스,법인세 중간예납 시작…'삼전닉스'발 초과세수 윤곽 나온다,2026-08-04,https://news.google.com/rss/articles/CBMiW0FVX3lxTFBGUFZ0NFNfaDItaTJ3d0lDQjNlMUVmUmY0b29ITzNGSlJzWHFWS2FJdTZ0MTdOelJPWWRCMV9nNC1DSUZ3VkwtcFJFWklRMWFjRGxmWW4wamNJWm_SAWBBVV95cUxPZzRxZEhfUDZrOW11UFFfdmJ1emhoZDZ2NmVSVlIxYXdBaHJiLWlxZTdiZ0Z6dFdfV1B3MjAzYUZhWW9fbGxVSklXSUNRRHo2Z1BlckJkMTdKanE5Q1JxSzg?oc=5
삼성전자,연합뉴스,[표] 거래소 외국인 순매수도 상위종목(4일),2026-08-04,https://news.google.com/rss/articles/CBMiW0FVX3lxTE9lOWdtdGpFLUpZU0dKTkRveGlqVVcwZUtkVkc4X0M5cmtHbkNRQl9qdVhLcXFpczUtMHUzc0FGbV85ZWlXOVl3X3pZek1iZUtKdzV1cmZuSjIxQUk?oc=5
삼성전자,연합뉴스,[표] 거래소 기관 순매수도 상위종목(4일),2026-08-04,https://news.google.com/rss/articles/CBMiW0FVX3lxTE9TcU5FUTlObzlTb25kQVhJRUxNT3VDeFllRkNxX1Fhdkt0MVdyQXplcldhUU1yN0t4SWRfMGhPLURnaE5OUHdkUEEtMnpCbDRoNDhJTDJhekh6RTg?oc=5
삼성전자,연합뉴스,"아직은 큰 변동성…삼전닉스, 급등락 끝에 간신히 상승마감(종합)",2026-08-04,https://news.google.com/rss/articles/CBMiW0FVX3lxTFBZOFJNajFDUDk2X1hFSlE5UEFpTldpSkNYMDAyaC1tWE15ODFFQXV4cjVDQ0FvVHMyQ0hzaWVIQV9hNUM4ZXEtYXkyYVNNZVlFQ3R4VXFQWVhjd2PSAWBBVV95cUxPWmIya3dPa21ldHk1d056N3VJcE5zelFULVZ5WlREblJsckNjZThvNGszRkw4Uy1OVGhUbHdGQ21JeVhPLXNfTGRPVlltb2VseHVYcEdncy01X00wenBVOHE?oc=5
삼성전자,연합뉴스,"삼성, 2분기 D램 시장점유율 1위…마이크론은 SK하닉 바짝 추격",2026-08-04,https://news.google.com/rss/articles/CBMiW0FVX3lxTFBBZEhCT0tOX0xrT1I2bmdWRTJCOXNFTVlNRFFMX2xwcUxGX2tfZlAxaXc0UUNoaHhZWkowNGJaYlNLa293V01ZVTBPVlVJXzZSUEhMXzJIZXdkNGvSAWBBVV95cUxPWXk5cnZjdXNIbndsYjNMWFdzMDJxbDJvLVViZnVZYnJqeE5JM05ua2p0MVFGTWdYZEptdml4OG4wdk1DaE9CWHhabDE3UEYyZjhhYWhSRDZWNHd3NE5sUlg?oc=5
삼성전자,연합뉴스,"삼성호암상 총상금 규모 18억→30억 확대…""인재제일 철학계승""",2026-08-04,https://news.google.com/rss/articles/CBMiW0FVX3lxTE9SbDJNRVVLajYwVGNwMWd6RFBBTFZhR1FPOGZTdWlqenVQUFFLVm1DQWJpN2I0UlQwR0daWUl4OGZOQ2Frckk4cFlsVTk1RTJGczlkUzJTWDdKTFHSAWBBVV95cUxNQzc1b29qVkNHMnppVHBTdE1PNElnbmpJODc0bnJ1TF8zN3dBb3ZUR25EWFZIQXQxVmwxUmpsQ1l4aTVFd2R3a0tGd1hOeWY2VTRMNlJRSm9QbmhBNTlnZ1E?oc=5
삼성전자,연합뉴스,"삼성, 'HBM 8배 성능' 차세대 3D메모리 공개…""AI장벽 넘는다""",2026-08-04,https://news.google.com/rss/articles/CBMiW0FVX3lxTE1tVXhaVU1INVY4R2N3cXJaeE1ncFNuVGRxNC1UV0lZWnJqekpaSkpCTGREOFIxX3UwTloydUNoUW05MXJXbTNrQm9TZlE2UzlERFdCY0NVc09UeUHSAWBBVV95cUxObWhLRFlyRHkxZlFqVlpXSXRScWRELWdHZmZzWjBMSkI3NGQxalh6LTdfU3NiN2oyYmhLbUJCWklVbmRmVVBOcnJkdGJ0X3Z3R2FRR3VNMUVxeUJpUzg2R3g?oc=5
삼성전자,연합뉴스,"삼성전자, '갤럭시 Z 폴드8 울트라·폴드8·플립8' 역대 최다 판매",2026-08-04,https://news.google.com/rss/articles/CBMiW0FVX3lxTE16TmZXZFVrVjF4UzYtWTBxb1Y2TDA5V1JkRzJnNjgxWGdQcC11NFFVaGxkbktCUDN2OHVtUEVVX1gxWG9wd2tlYXU0T29FVlRUNzhyX05BZm1SeFXSAWBBVV95cUxPekRkVXlsSlF3VlZJRlFTb1RaNHJpRTdvWXA3alZ2NXVVeGtkM2xod2ZRREQ1cy0tYmFrQXRtWFBublBmVWxTcTh1ZUhmX1hvZjFBQW85Zk11UXdwWEFVck0?oc=5
삼성전자,연합뉴스,"삼성전자, '갤럭시 Z 폴드8 울트라·폴드8·플립8' 역대 최다 판매 신기록",2026-08-04,https://news.google.com/rss/articles/CBMiW0FVX3lxTE5lYXlBUkVBZXVFRjJoVHFsdUVacjFoMklmMzlON1dZeWRpckhEV3h2eUg0cHBvdzNsYWk4eG1UUjNyTUFJRlBiRlRTUnpwUUl0LVBmd2tWWTd6czDSAWBBVV95cUxPQndLamExc1JHR0d0cDZVMjIzbXJZVlpxTTNMQ2llRDFudkliTjBDSGJXZ2ZmQXhaR3R0Q2NhVlNQZVNzTUxTdVJuYWpWaU43d2FxUVNpQ01WTmM3MTRmdFo?oc=5
삼성전자,연합뉴스,"""기록적인 폭염 속 삼성전자 에어컨 '청·정·확·인' 하세요""",2026-08-04,https://news.google.com/rss/articles/CBMiW0FVX3lxTFAwZnZEOXlBemh2MUI2R0lvR3NDWldTQUZDQXRWczdHczRXNm9aT1BINXB2dGUybkJDdTBuN0hDZ1VQWkQxOW9DTC1NOUdEUDRMSWRTeWlpYm9BU3fSAWBBVV95cUxQSW5DVWJNTGxDMWVIeHlXbktGZUI2RFlwT2d3OG5VdFJCSkxmTnpsV2Rfa2o2QW8zQ213QUNJaFFWYjN4dWRNNlZjcUhndUhLVTFISmE4Ym9wTU5tWXlhTnE?oc=5
삼성전자,연합뉴스,"삼성, 'HBM5 8배 성능' 차세대 3D메모리 공개…""AI칩 장벽 넘는다""(종합)",2026-08-04,https://news.google.com/rss/articles/CBMiW0FVX3lxTFBjTGpqQ3pKU1NNRG0zWVQ5cXhTcndwTDBmUXVXWHhpSVNoRWpKVFM0U3NaeTEwU2RYM2VoUU9QaUpKbG9qUU8wTEhMdFlzemd5UWtselJHdURCUDDSAWBBVV95cUxOUW1vbFJMTnlfZU5kVGxsZHRZZnExTWdVSzFnbE9VdVhRQ1ZCM0dVeUQxZHk0dnpFWVJSNHQ3dmF0ZjVrQ3pvMTNNTFFsWW5iN3EzUTRCLWlMamQzdk9Xc2k?oc=5
삼성전자,연합뉴스,"""韓, 2031년까지 '메모리 최강' 유지…엔비디아, HBM 독점 완화""",2026-08-04,https://news.google.com/rss/articles/CBMiW0FVX3lxTE9VUVFOMkdPcnlkT3VwVjdqVG5LZmxPS0RQdWMtRDFIcmtZUElMY1lVZFZMNEhoQ3NlY05aTHQtbXFManFpU2FuUVdtM1BPY2RaNDFITmZROXZaZ3PSAWBBVV95cUxPWmpQQXJKTUNXY3lzRTF3cTZ2RTRQLWtxRUd0U2FDa1lsYnhIMkxiOC1pbXVYcFBITlNOYzVkaWotMTYxQld0ckdDUUVrX0FsMFJoX0I5MGthdWwydzNWWGk?oc=5
삼성전자,연합뉴스,[표] 코스피 지수선물·옵션 시세표(4일)-2,2026-08-04,https://news.google.com/rss/articles/CBMiW0FVX3lxTFA1ME9SZVNDcVdGdTBnSTBVdTB5NmZ1Zk4xbXZlX3JtbDdfcWQzNkVXb3J4ZkhYSVUyQk1uMy0yYlZDSi1GQVJPNGpTcFNtcFdnVHl5Z2U4RjFCN1E?oc=5
삼성전자,연합뉴스,"[AI픽] 삼성 AI 스마트글래스, 사생활 침해 막을 안전장치 적용",2026-08-04,https://news.google.com/rss/articles/CBMiW0FVX3lxTE56Q2I4am02c2U0RkVkVXZGR0h4QWhNWHBJOTRvM0E5a1U5b0lmbU1ISnNBRzh3enR1MklyMGlnOWNWRF9FR2NmU1d1NDdIdy1YWXlSbHZ2N2JpdGvSAWBBVV95cUxNWGk0aWdQOFJGWmN6RUc3RFc2UEZiWldqdjNXNnFhVmRaNEFadEsxSmx1eWFDLThBbDdSVXB5N0VHdjNwXzZOVE5VeGN0TjJIVUNwcHFLNXRrOHp6aWFBMWk?oc=5
삼성전자,연합뉴스,"폴드8 대세…갤럭시 Z8 사전예약, 전작 뛰어넘었다",2026-08-04,https://news.google.com/rss/articles/CBMiW0FVX3lxTE9SOVBsZHYtcUNsc2JjZTNtSmJtb3BhdzhJeHZsUTV6MWxQMWl4ajRqZUNnTVRXQmQ4a2syZHFrUXV2TlhaRk8yTTJqTi04dlB2VmRaeDdtd2ZvYlHSAWBBVV95cUxOWFlCWHlKNWowMW42eWxNeG84b3c5elA3WFNWMlpkNGtMTE8tWGRiSXdIQkt0VnRkQ0FHaFNwVnlhU0ZZTGRUdWN2S21PbGYyZTlKbXJwTXU2U3U1NEZqVXg?oc=5
삼성전자,연합뉴스,갤럭시 Z8 사전판매 144만대…삼성 스마트폰 역대 최다,2026-08-04,https://news.google.com/rss/articles/CBMiW0FVX3lxTFBTR05PZ1YtcFNrTDJ6VVotUV9iWUdfRlprMjBTMGxwd1hscE5mTi1mQXhCeXE4RjFqT2w4UjZMQWRndVl5NGprNjBmLUtkS0VTRW1ZV20yVHhwRDDSAWBBVV95cUxQNWMybl9vdE9FUTJpNnhiV2t4TWJYTnpNNEQ2YUVweGJqSmlmM0h6Yzc1OGFaaUN0OHdyRTZxdk12bWg1M3JINTZPMWtfbURRdEMyWTZHUUpqaS1yVENmTEE?oc=5
삼성전자,연합뉴스,"삼성전자·SK하이닉스, 급등 출발후 하락 전환…3%대↓",2026-08-04,https://news.google.com/rss/articles/CBMiW0FVX3lxTFBGdk9PakR6VWp2anN4Z2xtaXNxSmNLNWljRU9VMk9nSV85dFhqaWdYQjh6SkJSZTJFajdqVWZQSTl5YWpNR1lfVnhKSzc2N3JUYjRKNkhNVmdHVWfSAWBBVV95cUxNOGJ1NnJsRS10ZXllZ1ZUcnN0Sl91dnFmcWZmeXJJX2d2Sm4wNlNKYlpkTU5ZSGRlaDZ0VFgwODFiZHJpLUZJYWhJUmNTTlVqQXdBNW50SHhDbG9TVWhuRTM?oc=5
삼성전자,연합뉴스,"우리운용, 'WON 피지컬AI TOP2 플러스 액티브 ETF' 출시",2026-08-04,https://news.google.com/rss/articles/CBMiW0FVX3lxTE40d1B0QmNHMGdNOUN6WW94RUkzWUZHbzdXRjYwWlZYVFdmTHFISjZ3TG1vODFFd0l1RUZXaHdVcXhtMlBPTnA2X2FqX01ZR2h2cHpody1KN2VEeWPSAWBBVV95cUxNMEphMmcwZmFqbGpWbmxBSFBFVEZKalFsY1hBYW9iWm83YjNfVDMwNEhtYlJYbW9BVkpMdFBiM3hYV1MyUkE2WTRyQ1lwNGZZdEtVNEM2X2ctVDRTeXZfUFc?oc=5
삼성전자,연합뉴스,"삼성전자, 갤럭시 Z 폴드8 울트라·폴드8·플립8 사전 판매 오늘 종료",2026-08-03,https://news.google.com/rss/articles/CBMiW0FVX3lxTE9xc2lyaDlrUF9PR2VsaG54emk2b19pRU8yQjhuamozWDhBQ2NhdzhQa1VlNUNydlRkbk1jWmVCV1hwdDgySVJueFoyejI2Y3VmSFFKQ1dXTERNcUHSAWBBVV95cUxONVJGMHBxS1lUOVA2UTROTi1HWTd3bzRWOERkTDBoVWRrVzF6ZFo5NVhiZW1Gb18wWUU0Q3U3d19TM2lqZTZNUldVeE9jbzg4T2pKSlpydUJmSkpaMlczZzc?oc=5
삼성전자,연합뉴스,'예탁금 3천만' 이틀만에 단일레버리지 거래대금 10분의 1로 축소,2026-08-03,https://news.google.com/rss/articles/CBMiW0FVX3lxTFBQRzJiUmVPVWNYTWdnekNZV0ZwMDY3VGQwX0xab0xtSjh4NENNU1I4M1EwSjNzTFE3RURyaXFuNTctT1V0a3dlVmxaVDBfcHloM2EwOWV4WDRxRWfSAWBBVV95cUxOYmE1dTZvZ2hTVlhZUXIwMF9UMm9CMHcyYVFZakVIYlgxQllYWlp0a3ZGVFFGbXYyQkJ1R1k2R0NSdzh0R3ItZVhTbXJJSG9WcDFTQTdKQ2JWZFliN0Z1cW8?oc=5
삼성전자,연합뉴스,"삼성전자, '아마존 프라임 비디오'에 차세대 영상기술 적용",2026-08-03,https://news.google.com/rss/articles/CBMiW0FVX3lxTE5oVVdyWms1NUFQT0JFUFVsMExuYmFHbUZKeFJZRmdZR3NaaEJyLUV5MGs0R0NUb281a2loRFhGZF9xSEZZSjBrWWJ1bVVZb2FjcXdmam9RYkxjWm_SAWBBVV95cUxQdG9YbWpDSWZwUDZfT21ISDN1dXhpcDZROG9uc0JNRllHdVdjR2ZkdGUyNi10ZW55RzFaVkk0OGNpSlQ5SDlqMFhIV3dkZ0VxejA0T09zUDlhWkZRVktZOEU?oc=5
삼성전자,연합뉴스,"외국인, 삼성전자 지분율 46.7%…금융위기 이후 최저 수준",2026-08-03,https://news.google.com/rss/articles/CBMiW0FVX3lxTE1MOFVVRExCVWFqUExab1VVb0RKdFVXTFNpOVpLQzVmZnVRRWQ2UDJqVV91cFNBdlVzQ0Y5RV9JRzNzTk83MC1pZDRHY2hEd2w5Qkx6Y0RocUZGZzDSAWBBVV95cUxPVGV3X1JqZU9FLWhlRUJXc3lUWGsxQXZSUGN1N0lZbGIxODBJN2I1VmlMS0p3Y3JsdTBqb1JlXzFfUjRNX3BwT1FRSUlFTTM0OUU3ZGlHQklMS1RoYkM4RXY?oc=5
삼성전자,연합뉴스,"빌 게이츠, 방한 추진…AI·원전 협력 논의 주목",2026-07-29,https://news.google.com/rss/articles/CBMiW0FVX3lxTE5xR3Y1bUZLU1hNTndabENQSG5aT1ByMHdPMVdENjRlZXRjMjhpUHlXVmd0QjVUSnctNW5ZSUZNTjUwMXMxSHBpZVBSb1B2UzNnNDdaZmxQWEhMMk3SAWBBVV95cUxOSHkwd0Z4dXA4QTdhZTdjWGhoS20xV2lpMUNoLVRTdWhpejc4YXdDSktGT0p1SGFGbXlzSFlBdFFjWW91MFlGRWktOUt2ZkF2R01FQW9yQ1VqbmJHVUVLZmw?oc=5
